NIT,Entidad
40330032,BARBARA IVONNE LINARES RODRIGUEZ
88143760,SAID ALONSO PENALOZA ANTELIZ
123456780,NO UTILIZAR
800005042,CONTRALORIA MUNICIPAL DE FLORIDABLANCA
800006850,HOSPITAL MARIO GAITAÅN YANGUAS E.S.E
800008456,ALCALDIA MUNICIPIO DE MANI 1
800010350,ALCALDIA MUNICIPAL DE MURILLO
800012635,ALCALDIA MUNICIPAL DE TOTA
800012873,MUNICIPIO DE TAURAMENA
800013683,ALCALDIA DE GUATEQUE
800019709,MUNICIPIO DE TENZA BOYACA
800019846,MUNICIPIO DE SACHICA
800020733,MUNICIPIO DE SANTANA
800022620,BOMBEROS DE BUCARAMANGA
800023383,MUNICIPIO DE BOYACA
800025608,MUNICIPIO DE GARAGOA
800026911,MUNICIPIO DE SOCOTA
800027292,MUNICIPIO DE TUTA
800028393,MUNICIPIO DE CAMPOHERMOSO
800028461,MUNICIPIO DE PACHAVITA
800028517,ALCALDIA MUNICIPAL DE SABOYA
800028576,MUNICIPIO DE SUTATENZA
800029386,MUNICIPIO DE SANTA MARIA
800030229,INSTITUCION EDUCATIVA DEPARTAMENTAL ENRIQUE SANTOS MONTEJO
800033062,ALCALDIA MUNICIPAL DE NUEVO COLON
800034476,PERSONERIA MUNICIPAL DE CHITARAQUE
800038613,ALCALDIA MUNICIPAL DE CORDOBA
800049826,ALCALDIA MUNICIPAL DE GALERAS
800050394,INSTITUCION EDUCATIVA RIO VERDE BAJO
800063010,INSTITUCION EDUCATIVA GABRIEL GARCIA MARQUEZ
800063791,ALCALDIA MUNICIPIO DE ARCABUCO
800063823,EMPRESAS PUBLICAS DEL QUINDIO SA ESP
800065411,MUNICIPIO DE PAYA
800066389,MUNICIPIO DE PISBA
800072977,FONDO ROTATORIO DEL DANE (FONDANE)
800074120,ALCALDIA MUNICIPAL PARATEBUENO
800077545,ALCALDIA MUNICIPAL DE AQUITANIA
800077808,MUNICIPIO DE MUZO
800083233,ALCALDIA MUNICIPIO DE SAN JOSE DE PARE
800084378,MUNICIPIO DE GUAPI CAUCA
800093439,MUNICIPIO DE TOCAIMA
800093816,DIRECCION EJECUTIVA DE ADMINISTRACION JUDICIAL
800093948,ASAMBLEA DEPARTAMENTAL DE SANTANDER
800094067,DEPARTAMENTO DE VICHADA
800094164,GOBERNACION DEPARTAMENTO DEL PUTUMAYO
800094671,ALCALDIA MUNICIPAL DE GALACHA
800094684,ALCALDIA DE GAMA
800094755,ALCALDIA MUNICIPAL  DE SOACHA
800094778,ALCALDIA ZIPACON
800095174,PERSONERIA MUNICIPAL DE TENJO
800095514,ALCALDIA MUNICIPAL DE MAHATES
800095770,MUNICIPIO DE LA MONTANITA CAQUETA
800096561,ALCALDIA DE AGUACHICA
800096576,ALCALDIA DE BECERRIL CESAR
800096739,ALCALDIA MUNICIPAL  DE BUENAVISTA
800096765,MUNICIPIO DE PLANETA RICA CORDOBA
800099199,MUNICIPIO DE BELEN
800099206,MUNICIPIO DE LABRANZAGRANDE
800099310,ALCALDIA MUNICIPIO DE DOSQUEBRADAS
800099425,ALCALDIA MUNICIPAL DE NUNCHIA
800099455,ALCALDIA MUNICIPAL DE ALBANIA
800099631,ALCALDIA MUNICIPIO DE UMBITA
800099635,MUNICIPIO DE TUTAZA
800099642,MUNICIPIO DE TOCA
800099665,MUNICIPIO DE LA CAPILLA
800099829,MUNICIPIO DE SAN VICENTE DE CHUCURI
800100057,ALCALDIA MUNICIPIO DE HERVEO
800100058,MUNICIPIO DE HONDA
800100145,ALCALDIA DEL MUNICIPIO DE VILLAHERMOSA
800100526,ALCALDIA MUNICIPAL DE SAN PEDRO VALLE DEL CAUCA
800101441,CONTRALORIA GENERAL DEL MUNICIPIO DE MANIZALES
800102891,ALCALDIA DE MOCOA
800103180,MUNICIPIO SAN JOSE DEL GUAVIARE
800103663,MUNICIPIO DE SACAMA
800108683,ALCALDIA MUNICIPAL DE LA JAGUA DE IBIRICO
800112806,FONDO DE PASIVO SOCIAL DE FERROCARRILES NACIONALES DE COLOMBIA
800113389,ALCALDIA MUNICIPAL DE IBAGUE - IBAGUE
800114312,DIRECCION TERRITORIAL DE SALUD DE CALDAS
800117519,ESAP TERRITORIAL ANTIOQUIA CHOCO
800117522,ESAP TERRITORIAL ATLANTICO
800117524,ESAP TERRITORIAL BOYACA CASANARE
800117525,ESAP TERRITORIAL CALDAS
800117528,ESAP TERRITORIAL CAUCA
800117530,ESAP TERRITORIAL META
800117534,ESAP TERRITORIAL NARINO ALTO PUTUMAYO
800117537,ESAP TERRITORIAL QUINDIO RISARALDA
800117540,ESAP TERRITORIAL SANTANDER
800117541,ESAP TERRITORIAL TOLIMA
800117545,ESAP  TERRITORIAL VALLE DEL CAUCA
800117687,ALCALDIA  MUNICIPIO DE SUAREZ CAUCA
800117801,INSTITUTO PARA EL DEPORTE Y RECREACION DE YOPAL
800119348,COMPLEJO CARCELARIO Y PENITENCIARIO DE IBAGUE PICALENA
800124740,FONDO DE VIVIENDA DE INTERES SOCIAL Y REFORMA URBANA DE VALLEDUPAR
800127508,ESCUELA DE CADETES DE POLICIA GENERAL FRANCISCO DE PAULA SANTANDER
800128835,ARCHIVO GENERAL DE LA NACION
800130632,EJERCITO NACIONAL - DIRECCION DE ADQUISICIONES
800130640,LICEOS DEL EJERCITO
800130643,COMANDO DE RECLUTAMIENTO Y CONTROL RESERVAS DEL EJERCITO NACIONAL
800130646,CENTRAL ADMINISTRATIVA Y CONTABLE - CENAC -TUNJA
800130653,CENTRAL ADMINISTRATIVA Y CONTABLE BARRANQUILLA
800130675,BATALLON CORDOVA
800130681,MINISTERIO DE DEFENSA- EJERCITO NACIONAL - CENTRAL ADMINISTRATIVA Y CONTABLE BUENAVISTA
800130690,CENTRAL ADMINISTRATIVA Y CONTABLE  - CENAC - CALI
800130708,MINISTERIO DE DEFENSA NACIONAL - EJERCITO NACIONAL
800130717,CENTRAL ADMINISTRATIVA Y CONTABLE - CENAC - BUCARAMANGA
800130740,CENTRAL ADMINISTRATIVA Y CONTABLE - CENAC - IBAGUE
800130752,CENTRAL ADMINISTRATIVA Y CONTABLE DE  VILLAVICENCIO - CENAC VILLAVICENCIO
800130812,GRUPO DE CABALLERIA MECANIZADO No 18
800130829,CENTRAL ADMINISTRATIVA Y CONTABLE - CENAC - ARMENIA
800131039,CENTRAL ADMINISTRATIVA Y CONTABLE - CENAC - NEIVA
800131049,CENTRAL ADMINISTRATIVA Y CONTABLE REGIONAL TOLEMAIDA - CENAC TOLEMAIDA
800131053,BATALLON DE APOYO Y SERVICIOS PARA EL COMBATE N¬∞11
800131070,CENTRAL ADMINISTRATIVA Y CONTABLE REGIONAL USAQUEN
800131115,BATALLON DE APOYO Y SERVICIOS PARA EL COMBATE No. 14
800131177,MUNICIPIO DE CHIVOR
800131272,BATALLON DE APOYO Y SERVICIOS PARA EL COMBATE N¬∫ 19
800131292,CENTRAL ADMINISTRATIVA Y CONTABLE ESPECIALIZADA CENAC INTELIGENCIA
800131648,FONDO UNICO DE TECNOLOGçAS DE LA INFORMACION Y LAS COMUNICACIONES
800140601,DEPARTAMENTO DE POLICIAAMAZONAS
800140602,DEPARTAMENTO POLICIA ARAUCA
800140603,POLICIA METROPOLITANA DE BOGOTA
800140611,DEPARTAMENTO DE POLICIA CUNDINAMARCA
800140623,DEPARTAMENTO DE POLICIA CESAR
800140625,POLICIA METROPOLITANA SANTIAGO DE CALI
800140951,DEPARTAMENTO DE POLICIA CHOCO
800140974,DEPARTAMENTO DE POLICIA GUAJIRA
800140985,POLICIA METROPOLITANA DEL VALLE DE ABURRA
800140986,DEPARTAMENTO DE POLICIA QUINDIO
800141053,"DEPARTAMENTO DE POLICIA SAN ANDRES, PROVIDENCIA Y SANTA CATALINA"
800141100,DEPARTAMENTO DE POLICIA SUCRE
800141103,DEPARTAMENTO DE POLICIA URABA
800141203,DEPARTAMENTO DE POLICIA PUTUMAYO
800141206,ESCUELA DE SUBOFICIALES Y NIVEL EJECUTIVO  GONZALO JIMENEZ DE QUESADA
800141208,ESCUELA NACIONAL DE CARABINEROS POLICIA NACIONAL
800141336,ESCUELA DE POLICIA SIMON BOLIVAR
800141338,DIRECCION DE INVESTIGACIN CRIMINAL E INTERPOL
800141379,DIRECCION DE ANTINARCOTICOS
800141397,POLICIA NACIONA - DIRECCION ADMINISTRATIVA Y FINANCIERA
800141621,ESCUELA MILITAR DE AVIACION
800141624,COMANDO AEREO DE COMBATE No. 1
800141627,COMANDO AEREO DE COMBATE No. 2
800141629,COMANDO AEREO DE COMBATE No.3
800141632,COMANDO AEREO DE COMBATE No. 4
800141633,COMANDO AEREO DE COMBATE No. 5
800141634,GRUPO AEREO DEL CARIBE
800141638,COMANDO AEREO DE COMBATE No. 6
800141639,COMANDO AEREO DE TRANSPORTE MILITAR
800141641,COMANDO AEREO DE MANTENIMIENTO
800141642,ESCUELA DE SUBOFICIALES  FAC CT ANDRES M DIAZ
800141644,COMANDO ARMADA NACIONAL
800141645,BASE NAVAL ARC BOLIVAR
800141648,ARMADA NACIONAL ESCUELA NAVAL DE CADETES ALMIRANTE PADILLA
800141653,ESCUELA NAVAL DE SUBOFICIALES ARC BARRANQUILLA
800141656,BASE NAVAL ARC SAN ANDRES
800141658,ARMADA NACIONAL BASE NAVAL ARC MALAGA
800141667,ARMADA NACIONAL BATALLON DE COMANDO Y APOYO DE INFANTERIA DE MARINA No 4
800141684,BASE NAVAL ARC ORINOQUIA
800141686,BASE NAVAL No. 3 ARC LEGUIZAMO
800141688,BATALLON DE COMANDO Y APOYO DE INFANTERIA DE MARINA No.6
800143359,ESTABLECIMIENTO PENITENCIARIO Y CARCELARIO SANTANDER DE QUILICHAO
800145876,ESAP TERRITORIAL NORTE DE SANTANDER ARAUCA
800150861,INSTITUTO NACIONAL DE MEDICINA LEGAL Y CIENCIAS FORENSES
800152783,FISCALIA GENERAL DE LA NACION NIVEL CENTRAL.
800153666,INSTITUCION EDUCATIVA TECNICO COMERCIAL JOSE EUSTASIO RIVERA
800154275,IDIGER
800156682,CONTRALORIA  MUNICIPAL DE PASTO
800163158,COMISION COLOMBIANA DEL OCEANO
800165392,FONDO DE VIVIENDA DE INTERES SOCIAL Y REFORMA URBANA DISTRITAL DE CARTAGENA DE INDIAS
800165798,RAMA JUDICIAL DIRECCION SECCIONAL DE ADMINISTRACION JUDICIAL de Medell≠in
800165799,RAMA JUDICIAL DIRECCION SECCIONAL DE ADMINISTRACION JUDICIAL de Barranquilla
800165804,RAMA JUDICIAL DIRECCION SECCIONAL DE ADMINISTRACION JUDICIAL de Tunja
800165831,RAMA JUDICIAL DIRECCION SECCIONAL DE ADMINISTRACION JUDICIAL de Cartagena
800165850,RAMA JUDICIAL DIRECCION SECCIONAL DE ADMINISTRACION JUDICIAL de Manizales
800165853,RAMA JUDICIAL DIRECCION SECCIONAL DE ADMINISTRACION JUDICIAL de Popayan
800165854,RAMA JUDICIAL DIRECCION SECCIONAL DE ADMINISTRACION JUDICIAL de Valledupar
800165860,RAMA JUDICIAL DIRECCION SECCIONAL DE ADMINISTRACION JUDICIAL de Monteria
800165862,RAMA JUDICIAL DIRECCION SECCIONAL DE ADMINISTRACION JUDICIAL de Bogota
800165866,RAMA JUDICIAL DIRECCION SECCIONAL DE ADMINISTRACION JUDICIAL de Neiva
800165868,RAMA JUDICIAL DIRECCION SECCIONAL DE ADMINISTRACION JUDICIAL de Santa Marta
800165872,RAMA JUDICIAL DIRECCION SECCIONAL DE AMINISTRACION JUDICIAL de Pasto
800165874,RAMA JUDICIAL DIRECCION SECCIONAL DE ADMINISTRACION JUDICIAL de Cucuta
800165939,RAMA JUDICIAL DIRECCION SECCIONAL DE ADMINISTRACION JUDICIAL de Armenia
800165940,RAMA JUDICIAL DIRECCION SECCIONAL DE ADMINISTRACION JUDICIAL de Pereira
800165944,RAMA JUDICIAL DIRECCION SECCIONAL DE ADMINISTRACION JUDICIAL de Sincelejo
800169790,CONTRALORIA DEPARTAMENTAL DEL HUILA
800170433,SUPERINTENDENCIA DE TRANSPORTE
800170903,INSTITUCION EDUCATIVA MUNICIPAL TECNICO INDUSTRIAL
800176089,SUPERINTENDENCIA DE INDUSTRIA Y COMERCIO (SIC)
800181106,EMPRESA DE SERVICIOS PUBLICOS DEL DISTRITO DE SANTA MARTA - ESSMAR ESP
800183912,CONTRALORIA DEPARTAMENTAL DE CASANARE
800185515,INSTITUTO MUNICIPAL DE DEPORTE Y RECREACION DE CAJICA
800185929,DIRECCION NACIONAL DE DERECHO DE AUTOR
800186061,DEFENSORçA DEL PUEBLO
800187568,FISCALIA GENERAL DE LA NACION REGIONAL CARIBE
800187569,FISCALIA GENERAL DE LA NACION REGIONAL NORORIENTAL
800187575,FISCALIA GENERAL DE LA NACION REGIONAL PACIFICO
800187590,FISCALIA GENERAL DE LA NACION REGIONAL CENTRO SUR
800187597,FISCALIA GENERAL DE LA NACION REGIONAL NOROCCIDENTAL
800187615,FISCALIA GENERAL DE LA NACION REGIONAL EJE CAFETERO
800187645,FISCALIA GENERAL DE LA NACION REGIONAL ORINOQUIA
800191549,INSTITUCION EDUCATIVA TECNICA ENRIQUE OLAYA HERRERA
800193244,CONTRALORIA MUNICIPAL DEL MUNICIPIO DE SAN JERONIMO DE MONTERIA
800194000,CONTRALORIA DISTRITAL DE CARTAGENA DE INDIAS
800197268,DIRECCION DE IMPUESTOS Y ADUANAS NACIONALES
800197409,INSTITUCION EDUCATIVA TECNICA AGROPECUARIA DE  VIRACACHA
800205646,INSTITUCION EDUCATIVA DEPARTAMENTAL TECNICA AGROPECUARIA MARTIN ROMERO
800206629,CENTRO DE DIAGNOSTICO AUTOMOTOR DE NARInO LTDA
800213967,ALCALDIA  DEL PE√ëON SANTANDER
800214417,CONSEJO PROFESIONAL NACIONAL DE INGENIERIA
800215546,INSTITUTO NACIONAL PENITENCIARIO Y CARCELARIO INPEC
800215807,INSTITUTO NACIONAL DE VIAS
800216267,INSTITUCION EDUCATIVA INSTITUTO TECNICO GIRARDOT
800216323,MINISTERIO DEL TRABAJO DIRECCION TERRITORIAL DE CORDOBA
800216593,MINISTERIO DEL TRABAJO-DIRECCION TERRITORIAL HUILA
800216942,DIRECCION TERRITORIAL NARIëO DEL MINISTERIO DE TRABAJO
800217123,SUPERINTENDENCIA DE VIGILANCIA Y SEGURIDAD PRIVADA
800218970,MINISTERIO DEL TRABAJO DIRECCION TERRITORIAL GUAJIRA
800226041,MINISTERIO DEL TRABAJO TERRITORIAL MAGDALENA
800226849,ESCUELA DE POSTGRADOS DE POLICIAMIGUEL ANTONIO LLERAS PIZARRO
800230729,COMANDO GENERAL DE LAS FUERZAS MILITARES
800232726,INSTITUTO DISTRITAL DE DEPORTE Y RECREACION DE CARTAGENA - IDER
800243022,ALCALDIA MUNICIPIO DE VIJES
800243234,INSTITUCION EDUCATIVA DEPARTAMENTAL LA VICTORIA
800245010,BATALLON DE ABASTECIMIENTOS N¬∫ 1
800245133,CONTRALORIA DE BOGOTA
800248004,INSTITUTO TECNICO NACIONAL DE COMERCIO SIMON RODRIGUEZ
800248529,ESAP TERRITORIAL BOLIVAR
800250062,INSTITUTO DE INVESTIGACIONES MARINAS Y COSTERAS JOSE BENITO VIVES DE ANDREIS
800250984,SUPERINTENDENCIA DE SERVICIOS PUBLICOS DOMICILIARIOS
800252037,CORPORACION AUTONOMA REGIONAL DE CHIVOR CORPOCHIVOR
800252722,DEPARTAMENTO DE POLICIAGUAVIARE
800252843,CORPORACION AUTONOMA REGIONAL DE BOYACA CORPOBOYACA
800252844,CORPOAMAZONIA - CORPORACION PARA EL DESARROLLO SOSTENIBLE DEL SUR DE LA AMAZONIA
800254453,CORPORACION AUTONOMA REGIONAL DEL CANAL DEL DIQUE
800255176,PERSONERIA MUNICIPAL DE LA TEBAIDA
800255580,CORPORACION AUTONOMA REGIONAL DEL ALTO MAGDALENA
801000767,RECLUSION DE MUJERES DE ARMENIA
801000907,EPMSC ARMENIA - ESTABLECIMIENTO PENITENCIARIO DE MEDIANA SEGURIDAD Y CARCELARIO DE ARMENIA - INPEC
801001440,RED SALUD ARMENIA EMPRESA SOCIAL DEL ESTADO E.S.E.
801001532,INSTITUTO DEPARTAMENTAL DE DEPORTES Y LA RECREACION DEL QUINDIO
801003571,MINISTERIO DEL TRABAJO - DIRECCION TERRITORIAL QUINDIO
802000713,MINISTERIO DEL TRABAJO - DIRECCION TERRITORIAL ATLANTICO
802004295,ESTABLECIMIENTO PENITENCIARIO Y CARCELARIO DE BARRANQUILLA
802005115,ESTABLECIMIENTO CARCELARIO DE SABANALARGA
802008282,INSTITUTO NACIONAL PENITENCIARIO Y CARCELARIO INPEC REGIONAL NORTE
802014605,"INSTITUTO MUNICIPAL DE DEPORTES, RECREACION Y CULTURA"
802016407,REGIONAL DE ASEGURAMIENTO EN SALUD N¬∞ 8
804001738,PARQUES NACIONALES NATURALES DE COLOMBIA - DIRECCION TERRITORIAL ANDES NORORIENTALES
804001897,INSTITUTO DE VIVIENDA DE INTERES SOCIAL Y REFORMA URBANA DEL MUNICIPIO DE BUCARAMANGA
804002166,INSTITUTO DE LA JUVENTUD EL DEPORTE Y LA RECREACION DE BUCARAMANGA
804003036,CARCEL Y PENITENCIARIA DE MEDIA SEGURIDAD DE BUCARAMANGA - INPEC
804003138,INPEC-CARCEL Y PENITENCIARIA DE MEDIA SEGURIDAD PARA MUJERES DE BUCARAMANGA
804003256,ESTABLECIMIENTO PENITENCIARIO DE MEDIANA SEGURIDAD Y CARCELARIO DE MALAGA
804003933,ESTABLECIMIENTO PENITENCIARIO DE MEDIANA SEGURIDAD DE SAN GIL SANTANDER - INPEC
804003971,ESCUELA DE CARABINEROS PROVINCIA DE VELEZ MAYOR GENERAL MANUEL JOSE LOPEZ GOMEZ
804004058,ESTABLECIMIENTO PENITENCIARIO DE MEDIANA SEGURIDAD Y CARCELARIO SOCORRO
804004084,ESTABLECIMIENTO PENITENCIARIO DE MEDIANA SEGURIDAD Y CARCELARIO DE VELEZ
804004840,DIRECCION REGIONAL ORIENTE - INPEC
804008916,PERSONERIA MUNICIPAL DE GIRON
804009177,EMPRESA DE SERVICIOS PUBLICOS DOMICILIARIOS DE PUENTE NACIONAL - ACUAPUENTE S.A. E.S.P.
804012398,EMPRESA SOCIAL DEL ESTADO CENTRO DE SALUD SAN CAYETANO DE CONFINES
804012688,REGIONAL DE ASEGURAMIENTO EN SALUD No. 5
804014968,INSTITUTO MUNICIPAL DE EMPLEO Y FOMENTO EMPRESARIAL DE BUCARAMANGA
804015585,ESTABLECIMIENTO PENITENCIARIO DE ALTA Y MEDIANA SEGURIDAD DE GIRON
805000889,INSTITUCION UNIVERSITARIA ANTONIO JOSE CAMACHO
805003737,PARQUES NACIONALES NATURALES- DIRECCION TERRITORIAL PACIFICO
805003838,RAMA JUDICIAL DIRECCION SECCIONAL DE ADMINISTRACION JUDICIAL de Cali
805007945,ESTABLECIMIENTO PENITENCIARIO DE MEDIANA SEGURIDAD Y CARCELARIO DE CALI
805008452,INSTITUTO NACIONAL PENITENCIARIO Y CARCELARIO INPEC DIRECCION REGIONAL OCCIDENTE
805018833,UNIDAD EJECUTORA DE SANEAMIENTO DEL VALLE DEL CAUCA
805022186,REGIONAL DE ASEGURAMIENTO EN SALUD 
805026609,DIRECCION TERRITORIAL DEL MINISTERIO DEL TRABAJO DEL VALLE DEL CAUCA
805027287,RED DE SALUD DEL NORTE EMPRESA SOCIAL DEL ESTADO
805027338,RED DE SALUD DEL SURORIENTE EMPRESA SOCIAL DEL ESTADO
806003190,ESTABLECIMIENTO PENITENCIARIO DE MEDIANA SEGURIDAD Y CARCELARIO DE MAGANGUE
806011177,MINISTERIO DEL TRABAJO DIRECCION TERRITORIAL BOLIVAR
806013832,INSTITUCION EDUCATIVA DOCENTE DE TURBACO
807001559,ESTABLECIMIENTO PENITENCIARIO DE MEDIANA SEGURIDAD Y CARCELARIO OCAëA
807006594,MINISTERIO DEL TRABAJO
808000716,ESTABLECIMIENTO PENITENCIARIO DE MEDIANA SEGURIDAD Y CARCELARIO DE FUSAGASUGA
808000718,ESTABLECIMIENTO PENITENCIARIO DE MEDIANA SEGURIDAD Y CARCELARIO LA MESA - INPEC
808000859,ESCUELA DE POLICIA DE PROVINCIA DE SUMAPAZ  INTENDENTE MARITZA BONILLA RUIZ
808001310,PERSONERIA MUNICIPAL DE GIRARDOT
808001433,CENTRAL ADMINISTRATIVA Y CONTABLE - CENAC- FLORENCIA
808002121,ESTABLECIMIENTO PENITENCIARIO DE MEDIANA SEGURIDAD CARCELARIO DE GIRARDOT
808003801,INSTITUCION EDUCATIVA DEPARTAMENTAL SANTA HELENA
809000749,PERSONERIA MUNICIPAL DE IBAGUE
809000799,ASAMBLEA DEPARTAMENTAL DEL TOLIMA
809002097,E.S.E CENTRO DE SALUD DE COELLO
809002634,ESTABLECIMIENTO PENITENCIARIO DE MEDIANA SEGURIDAD Y CARCELARIO DEL LIBANO TOLIMA
809002640,CARCEL Y PENITENCIARIA DE MEDIA SEGURIDAD DEL ESPINAL TOLIMA
809002886,ESTABLECIMIENTO PENITENCIARIO  DE MEDIANA SEGURIDAD Y CARCELARIO ARMERO GUAYABAL
809003231,ESTABLECIMIENTO PENITENCIARIO DE MEDIANA SEGURIDAD Y CARCELARIO DE FRESNO
809003243,ESTABLECIMIENTO CARCELARIO PURIFICACION
809003264,ESTABLECIMIENTO PENITENCIARIO DE MEDIANA SEGURIDAD Y CARCELARIO DE CHAPARRAL
809003291,ESTABLECIMIENTO PENITENCIARIO DE MEDIANA SEGURIDAD Y CARCELARIO DE HONDA
809003292,ESTABLECIMIENTO PENITENCIARIO DE MEDIANA SEGURIDAD Y CARCELARIO DEL GUAMO
809003305,ESTABLECIMIENTO PENITENCIARIO DE MEDIANA SEGURIDAD Y CARCELARIO DE MELGAR
809003403,CONCEJO MUNICIPAL DE PALOCABILDO TOLIMA
809003405,PERSONERIA MUNICIPAL DE ROVIRA
809005065,INSTITUTO DEPARTAMENTAL DE DEPORTES DEL TOLIMA
809007443,CONCEJO MUNICIPAL DE FALAN
809008775,EMPRESA INDUSTRIAL Y COMERCIAL DEL ESTADO LOTERIA DEL TOLIMA
809009742,GESTORA URBANA BANCO INMOBILIARIO DE IBAGUE
809010738,MINISTERIO DEL TRABAJO DIRECCION TERRITORIAL DEL TOLIMA
809010745,ESCUELA DE AVIACION POLICIAL
809011608,INSTITUCION EDUCATIVA LAURELES
810001055,ESTABLECIMIENTO PENITENCIARIO DE MEDIANA SEGURIDAD Y CARCELARIO DE RIOSUCIO CALDAS
810001096,ESTABLECIMIENTO PENITENCIARIO DE MEDIANA SEGURIDAD Y CARCELARIO DE MANIZALES
810001114,RECLUSION MUJERES MANIZALES
810001336,ESTABLECIMIENTO PENITENCIARIO Y CARCELARIO DE PACORA
810001373,ESTABLECIMIENTO PENITENCIARIO DE MEDIANA SEGURIDAD CARCELARIO SALAMINA
810001374,ESTABLECIMIENTO PENITENCIARIO Y CARCELARIO ANSERMA CALDAS
810001377,ESTABLECIMIENTO PENITENCIARIO Y CARCELARIO DE AGUADAS
810001393,ESTABLECIMIENTO PENITENCIARIO DE MEDIANA SEGURIDAD Y CARCELARIO DE PENSILVANIA CALDAS
810002778,CORPORACION ASAMBLEA DEPARTAMENTAL DE CALDAS
810004736,DIRECCION TERRITORIAL DE CALDAS MINISTERIO DE TRABAJO
810005966,CONCEJO DE MANIZALES
810006053,CARCEL Y PENITENCIARIA CON ALTA Y MEDIA SEGURIDAD DE LA DORADA CALDAS - INPEC
811000231,CORPORACION AUTONOMA REGIONAL DEL CENTRO DE ANTIOQUIA
811000278,INSTITUCION UNIVERSITARIA DE ENVIGADO
811000372,CONTRALORIA GENERAL DE ANTIOQUIA
811004962,PARQUES NACIONALES NATURALES DE COLOMBIA - DIRECCION TERRITORIAL ANDES OCCIDENTALES
811006762,ASOCIACION CANAL LOCAL DE TELEVISION DE MEDELLIN - TELEMEDELLIN
811009884,ESTABLECIMIENTO PENITENCIARIO DE MEDIANA SEGURIDAD Y CARCELARIO DE MEDELLIN
811010070,C°rcel y Penitenciaria con Alta y Media Seguridad La Paz
811010096,ESTABLECIMIENTO CARCELARIO SANTA FE DE ANTIOQUIA
811010098,ESTABLECIMIENTO PENITENCIARIO CARCELARIO DE MEDIANA SEGURIDAD CARCEL DE BOLIVAR
811010104,ESTABLECIMIENTO PENITENCIARIO DE MEDIANA SEGURIDAD Y CARCELARIO DE JERICO
811010105,ESTABLECIMIENTO PENITENCIARIO DE MEDIANA SEGURIDAD Y CARCELARIO LA CEJA
811010107,ESTABLECIMIENTO PENITENCIARIO DE MEDIANA SEGURIDAD Y CARCELARIO DE PUERTO BERRIO
811010109,ESTABLECIMIENTO PENITENCIARIO DE MEDIANA SEGURIDAD CARCELARIA DE SANTA BARBARA
811010111,ESTABLECIMIENTO PENITENCIARIO Y CARCELARIO SANTA ROSA DE OSOS
811010113,ESTABLECIMIENTO PENITENCIARIO MEDIANA SEGURIDAD Y CARCELARIO SONSON
811010121,ESTABLECIMIENTO PENITENCIARIO DE MEDIANA SEGURIDAD Y CARCELARIO DE TAMESIS
811010122,ESTABLECIMIENTO PENITENCIARIO DE MEDIANA SEGURIDAD Y CARCELARIO DE TITIRIBI
811010125,ESTABLECIMIENTO PENITENCIARIO DE MEDIANA SEGURIDAD Y CARCELARIO DE YARUMAL INPEC
811010132,INPEC - ESTABLECIMIENTO PENITENCIARIO Y CARCELARIO DE SANTO DOMINGO
811010133,ESTABLECIMIENTO PENITENCIARIO DE MEDIANA SEGURIDAD Y CARCELARIO DE CAUCASIA
811010134,COMPLEJO CARCELARIO Y PENITENCIARIO EL PEDREGAL DE MEDELLIN
811010135,ESTABLECIMIENTO PENITENCIARIO DE MEDIANA SEGURIDAD DE ANDES ANTIOQUIA - INPEC
811011575,INSTITUTO NACIONAL PENITENCIARIO Y CARCELARIO REGIONAL NOROESTE
811015728,EMPRESA PRESTADORA DEL SERVICIO PUBLICO DE ASEO DEL MUNICIPIO DE CIUDAD BOLçVAR
811021151,AGUAS Y ASEO DE YONDO S.A. E.S.P.
811028985,ANTIOQUIA ¬ñ EMPRESA DE ASEO RETIRAR S.A E.S.P - EL RETIRO
811031876,CENTRO DE FORMACION INTEGRAL PARA EL TRABAJO - CEFIT
811032059,REGIONAL DE ASEGURAMIENTO EN SALUD N¬∞6
811036609,CONTRALORIA MUNICIPAL ITAGUI
811038085,MINISTERIO DEL TRABAJO DIRECCION TERRITORIAL DE ANTIOQUIA
811043428,MINISTERIO DEL TRABAJO DIRECCION TERRITORIAL DE URABA
811046676,INPEC APARTADO
812001571,ESTABLECIMIENTO PENITENCIARIO DE MEDIANA SEGURIDAD Y CARCELARIO DE MONTERIA
813001834,ESTABLECIMIENTO PENITENCIARIO Y CARCELARIO DE MEDIANA SEGURIDAD PITALITO - INPEC
813001835,ESTABLECIMIENTO PENITENCIARIO DE MEDIANA SEGURIDAD Y CARCELARIO DE NEIVA
813002057,ESTABLECIMIENTO PENITENCIARIO DE MEDIANA SEGURIDAD Y CARCELARIO LA PLATA HUILA
813002062,ESTABLECIMIENTO PENITENCIARIO DE MEDIANA SEGURIDAD CARCELARIO DE GARZON
813006956,ESAP TERRITORIAL HUILA-CAQUETA Y BAJO PUTUMAYO
813011515,EMPRESA SOCIAL DEL ESTADO HOSPITAL LOCAL MUNICIPAL DE HOBO HUILA
814001009,ESTABLECIMIENTO PENITENCIARIO DE MEDIANA SEGURIDAD Y CARCELARIO DE LA UNIN INPEC
814001035,ESTABLECIMIENTO PENITENCIARIO Y CARCELARIO DE PASTO
814001045,ESTABLECIMIENTO PENITENCIARIO DE MEDIANA SEGURIDAD Y CARCELARIO DE TUQUERRES
815000842,BUGA ABASTOS DE GUADALAJARA DE BUGA
815004247,INSTITUCION EDUCATIVA SEMILLA DE LA ESPERANZA
816001832,ESTABLECIMIENTO PENITENCIARIO DE MEDIANA SEGURIDAD Y CARCELARIO DE PEREIRA
816001880,ESTABLECIMIENTO PENITENCIARIO DE MEDIANA SEGURIDAD Y CARCELARIO SANTA ROSA DE CABAL
816001925,INPEC-RECLUSION DE MUJERES DE PEREIRA
816002178,DIRECCION REGIONAL VIEJO CALDAS N¬∞ 6 SEDE PEREIRA
816007249,MINISTERIO DEL TRABAJO DIRECCION TERRITORIAL DE RISARALDA
816007837,MEGABUS S.A.
817000320,FONDO MUNICIPAL DE VIVIENDA DE INTERES SOCIAL Y REFORMA URBANA DE PUERTO TEJADA
817001031,ESTABLECIMIENTO PENITENCIARIO Y CARCELARIO PUERTO TEJADA
817001054,ESTABLECIMIENTO PENITENCIARIO DE MEDIANA SEGURIDAD Y CARCELARIO DE EL BORDO
817001129,INSTITUTO NACIONAL PENITENCIARIO Y CARCELARIO SILVA
817001267,RECLUSION DE MUJERES DE POPAYAN - INPEC
817002458,MINISTERIO DEL TRABAJO DIRECCION TERRITORIAL DEL CAUCA
817005159,ESTABLECIMIENTO PENITENCIARIO ALTA Y MEDIANA SEGURIDAD Y CARCELARIO ALTA SEGURIDAD DE POPAYAN INPEC POPAYAN
818000409,ESTABLECIMIENTO PENITENCIARIO DE MEDIANA SEGURIDAD Y CARCELARIO QUIBDO
818000606,BATALLON DE APOYO Y SERVICIO PARA EL COMBATE N¬∞15
818002098,MINISTERIO DE TRABAJO DIRECCION TERRITORIAL CHOCO
819000759,PARQUES NACIONALES NATURALES DE COLOMBIA - DIRECCION TERRITORIAL CARIBE
819001461,ESTABLECIMIENTO PENITENCIARIO DE MEDIANA SEGURIDAD Y CARCELARIO DE SANTA MARTA
819001482,ESTABLECIMIENTO PENITENCIARIO Y CARCELARIO  EL BANCO MAGDALENA
819003599,ESE HOSPITAL LOCAL SABANAS DE SAN ANGEL
819004280,ESE SAMUEL VILLANUEVA VALEST
820000484,INSTITUTO MUNICIPAL DE DEPORTE Y RECREACION DE PUERTO BOYACA
820000807,INSTITUTO DE LA RECREACION Y EL DEPORTE DE TUNJA- IRDET
820000857,ESE CENTRO DE SALUD DE MACANAL
820000960,CARCEL Y PENITENCIERIA DE MEDIA SEGURIDAD DE CHIQUINQUIRA - INPEC
820000970,ESTABLECIMIENTO PENITENCIARIO DE MEDIANA SEGURIDAD Y CARCELARIO DE MONIQUIRA-INPEC
820000975,ESTABLECIMIENTO PENITENCIARIO DE MEDIANA SEGURIDAD DE RAMIRIQUI - INPEC
820000981,ESTABLECIMIENTO PENITENCIARIO DE MEDIANA SEGURIDAD Y CARCELARIO DE GUATEQUE BOYACA
820000992,ESTABLECIMIENTO PENITENCIARIO DE MEDIANA SEGURIDAD Y CARCELARIO DE PUERTO BOYACA
820001016,ESTABLECIMIENTO PENITENCIARIO DE MEDIANA SEGURIDAD DE GARAGOA
820002364,INSTITUCION EDUCATIVA HERNANDO GELVEZ SUAREZ
820003774,CARCEL Y PENITENCIARIA DE MEDIA SEGURIDAD DE TUNJA
821000631,ESTABLECIMIENTO PENITENCIARIO DE MEDIANA SEGURIDAD Y CARCELARIO DE SEVILLA - INPEC
821000700,ESTABLECIMIENTO PENITENCIARIO DE MEDIANA SEGURIDAD Y CARCELARIO DE CAICEDONIA
821000732,ESTABLECIMIENTO PENITENCIARIO Y CARCELARIO DE TULUA
821000765,ESTABLECIMIENTO PENITENCIARIO DE MEDIANA SEGURIDAD Y CARCELARIO DE ROLDANILLO VALLE
822001021,INSTITUCION EDUCATIVA COLEGIO FRANCISCO ARANGO
822001371,COLONIA AGRICOLA ACACIAS
822001393,ESTABLECIMIENTO PENITENCIARIO DE MEDIANA SEGURIDAD Y CARCELARIO GRANADA - META
822001536,INSTITUCION EDUCATIVA COLEGIO MIGUEL √ÅNGEL MART√çN
822002459,EMPRESA SOCIAL DEL ESTADO DEL MUNICIPIO DE VILLAVICENCIO
822004467,ESTABLECIMIENTO PENITENCIARIO DE MEDIANA SEGURIDAD Y CARCELARIO DE ACACIAS
822005431,Empresa de Servicios PUblicos de Paratebueno ESP
823000804,CONCEJO MUNICIPAL CHALAN SUCRE
823000924,CARCEL Y PENITENCIARIA DE MEDIANA SEGURIDAD DE COROZAL
823000931,INPEC ESTABLECIMIENTO PENITENCIARIO DE MEDIANA SEGURIDAD Y CARCELARIO DE SINCELEJO
823001882,BATALLON DE COMANDO Y APOYO DE INFANTERIA DE MARINA NO 1
823003505,DIRECCION TERRITORIAL DE SUCRE DE MINISTERIO DEL TRABAJO
824000552,PERSONERIA MUNICIPAL DE CHIMICHAGUA
824000566,CONCEJO MUNICIPAL DE LA PAZ CESAR
824000857,ESTABLECIMIENTO PENITENCIARIO DE MEDIANA SEGURIDAD Y CARCELARIO DE AGUACHICA INPEC
824002015,RESGUARDO INDIGENA ARHUACO DE LA SIERRA NEVADA
824003186,INPEC EPCAMSVAL
825000134,ALCALDIA DEL MUNICIPIO DE DIBULLA
825000432,ESTABLECIMIENTO PENITENCIARIO DE MEDIANA SEGURIDAD Y CARCELARIO DE RIOHACHA INPEC
826000801,ESTABLECIMIENTO PENITENCIARIO Y CARCELARIO DE SOGAMOSO
826000802,ESTABLECIMIENTO PENITENCIARIO DE MEDIANA SEGURIDAD Y CARCELARIO DE SANTA ROSA DE VITERBO - INPEC
826000821,ESTABLECIMIENTO PENITENCIARIO DE MEDIANA SEGURIDAD Y CARCELARIO DE DUIT
826001540,ENTE DEPORTIVO MUNICIPAL DE SANTA ROSA DE VITERBO
827000237,ESTABLECIMIENTO PENITENCIARIO Y CARCELARIO SAN ANDRES INPEC
828000309,ESTABLECIMIENTO PENITENCIARIO DE MEDIANA SEGURIDAD Y CARCELARIO DE FLORENCIA - INPEC
829000477,"INSTITUTO PARA EL FOMENTO DEL DEPORTE, LA RECREACION, EL APROVECHAMIENTO DEL TIEMPO LIBRE Y LA EDUCACION FISICA DE BARRANCABERMEJA"
829000754,ESTABLECIMIENTO PENITENCIARIO DE MEDIANA SEGURIDAD Y CARCELARIO DE BARRANCABERMEJA
829000769,ESTABLECIMIENTO PENITENCIARIO DE MEDIANA SEGURIDAD Y CARCELARIO DE SAN VICENTE DE CHUCURI
829001276,CONCEJO MUNICIPAL DE BARRANCABERMEJA
829001855,PERSONERIA MUNICIPAL DE BARRANCABERMEJA
829003831,MINTRABAJO-OFICINA ESPECIAL BARRANCABERMEJA
830000097,DIRECCION DE INTELIGENCIA POLICIAL
830000167,INSTITUTO NACIONAL DE VIGILANCIA DE MEDICAMENTOS Y ALIMENTOS
830000212,COMISIN DE REGULACION DE AGUA POTABLE Y SANEAMIENTO BÅSICO
830000282,UNIDAD DE PLANEACION MINERO ENERGETICO
830000602,"INSTITUTO DE HIDROLGICA, METEOROLOGçA Y ESTUDIOS AMBIENTALES"
830001113,IMPRENTA NACIONAL DE COLOMBIA
830002593,COMISIN DE REGULACIN DE COMUNICACIONES
830002634,ESCUELA SUPERIOR DE GUERRA
830005370,CANAL REGIONAL DE TELEVISION TEVEANDINA LTDA
830007738,INSTITUTO PARA LA INVESTIGACIN EDUCATIVA Y EL DESARROLLO PEDAGGICO - IDEP
830011682,ESAP TERRITORIAL CUNDINAMARCA
830016624,PARQUES NACIONALES NATURALES DE COLOMBIA
830025267,FONDO NACIONAL AMBIENTAL - ANLA
830025406,CONTADURçA GENERAL DE LA NACIN
830027904,DIRECCION GENERAL MARITIMA-DIMAR
830032396,INPEC - CARCEL Y PENITENCIARIA DE MEDIA SEGURIDAD DE BOGOTÅ
830032532,"COMPLEJO CARCELARIO Y PENITENCIARIO CON ALTA, MEDIA Y MçNIMA SEGURIDAD DE BOGOTA COBOG INPEC"
830032895,RECLUSIN DE MUJERES DE BOGOTA
830034348,MINISTERIO DE CULTURA
830035227,INSTITUTO NACIONAL PENITENCIARIO INPEC REGIONAL CENTRAL
830039207,CENTRAL ADMINISTRATIVA Y CONTABLE ESPECIALIZADA CENAC AVIACION
830039548,CENTRAL ADMINISTRATIVA Y CONTABLE  PUENTE ARANDA
830039670,DIRECCION GENERAL DE SANIDAD MILITAR
830040256,HOSPITAL MILITAR CENTRAL
830041314,DIRECCION DE SANIDAD DE LA POLICIA NACIONAL - DISAN PONAL
830042321,DIRECCION DE BIENESTAR DE LA POLICIA NACIONAL
830053043,SUPERINTENDENCIA DE LA ECONOMIA SOLIDARIA
830053227,DIRECCION ANTISECUESTRO Y ANTIEXTORSION DE LA POLICIA NACIONAL
830054053,BATALLON DE A.S.P.C No 17 CLARA ELISA NARVAEZ ARTEAGA
830059954,CONSEJO PROFESIONAL NACIONAL DE ARQUITECTURA Y SUS PROFESIONES AUXILIARES
830063506,EMPRESA DE TRANSPORTE DEL TERCER MILENIO TRANSMILENIO S. A.
830067597,HOSPITAL CENTRAL
830067892,INSTITUTO COLOMBIANO DE ANTROPOLOGIA E HISTORIA
830068074,UNIDAD DE INFORMACION Y ANALISIS FINANCIERO
830079479,COMPUTADORES PARA EDUCAR
830087443,CENTRAL ADMINISTRATIVA ESPECIALIZADA INGENIEROS
830090486,DIRECCION DE TR√ÅNSITO Y TRANSPORTE DE LA POLICIANACIONAL
830094833,CAUDALES DE COLOMBIA SAS ESP
830114475,MINISTERIO DEL INTERIOR
830115226,MINISTERIO DE TRABAJO
830115297,MINISTERIO DE COMERCIO INDUSTRIA Y TURISMO
830115395,MINISTERIO DE AMBIENTE Y DESARROLLO SOSTENIBLE
830121208,FONDO NACIONAL DE VIVIENDA
830127607,AGENCIA NACIONAL DE HIDROCARBUROS
830144890,EMPRESA DE RENOVACION Y DESARROLLO URBANO DE BOGOTA D.C
830507387,METROLINEA S.A
832000034,CONTRALORIA DEPARTAMENTAL DEL VICHADA
832000171,CORPORACION AUTONOMA REGIONAL DEL GUAVIO - CORPOGUAVIO
832000283,CORPORACION AUTONOMA REGIONAL DE LA ORINOQUIA
832000349,PERSONERIA MUNICIPAL DE ZIPAQUIRA
832000971,INSTITUCION EDUCATIVA DEPARTAMENTAL RURAL EL VINO
832001127,INSTITUCION EDUCATIVA DEPARTAMENTAL JOSE MARIA OBANDO
832001465,ESE SAN ANTONIO DE ANOLAIMA
832001785,ESTABLECIMIENTO CARCELARIO DE ZIPAQUIRA
832001795,ESTABLECIMIENTO PENITENCIARIO Y CARCELARIO DE VILLETA
832001797,CARCEL Y PENITENCIARIA DE MEDIA SEGURIDAD DE CHOCONTA
832001803,ESTABLECIMIENTO PENITENCIARIO DE MEDIANA SEGURIDAD Y CARCELARIO DE GACHETA
832001806,ESTABLECIMIENTO PENITENCIARIO DE MEDIANA SEGURIDAD Y CARCELARIO DE CAQUEZA
832001816,ESTABLECIMIENTO PENITENCIARIO DE MEDIANA SEGURIDAD Y CARCELARIO DE UBATE
832001871,ESCUELA DE FORMACIN - INPEC
832002436,EMPRESA SOCIAL DEL ESTADO HOSPITAL PROFESOR JORGE CAVELIER
832002496,INSTITUTO MUNICIPAL DE DEPORTE Y RECREACION DEL MUNICIPIO DE UBALA
832002561,INSTITUCION EDUCATIVA MUNICIPAL GUILLERMO QUEVEDO ZORNOZA
832003903,INSTITUCION EDUCATIVA DIVERSIFICADO
832004414,INSTITUCION EDUCATIVA DIOSA CHIA
832004884,INSTITUCION EDUCATIVA MUNICIPAL LICEO INTEGRADO DE ZIPAQUIRA
832005913,INSTITUCION EDUCATIVA BOJACA
832006487,CENTRO CULTURAL BACATA
832006682,INSTITUCION EDUCATIVA RURAL DEPARTAMENTAL RIONEGRO SUR
832008321,EMPRESA SOCIAL DEL ESTADO CENTRO DE SALUD TAUSA
832009102,INSTITUCION EDUCATIVA MUNICIPAL LA GRANJA
832009187,ESE CENTRO DE SALUD SAN JOSE DE NIMAIMA
832009544,INSTITUCION EDUCATIVA DEPARTAMENTAL GIRON DE BLANCOS
832009955,INSTITUCION EDUCATIVA DEPARTAMENTAL SAN MIGUEL SIBATE
834000421,ESTABLECIMIENTO PENITENCIARIO DE MEDIANA SEGURIDAD Y CARCELARIO DE ARAUCA - INPEC
834000487,BATALLON DE INGENIEROS No 18 'GENERAL RAFAEL NAVAS PARDO'
834000726,BATALLON DE ASPC No. 18 ¬ST. RAFAEL ARAGONA¬î
834001348,DIRECCION TERRITORIAL DE ARAUCA MINISTERIO DE TRABAJO
835000452,ESTABLECIMIENTO PENITENCIARIO DE MEDIANA SEGURIDAD Y CARCELARIO DE BUENAVENTURA - INPEC
835000771,DIRECCION GENERAL MARITIMA - INRED 1
835001816,INSTITUCION EDUCATIVA JOSE ACEVEDO Y GOMEZ
836000147,ESTABLECIMIENTO PENITENCIARIO DE MEDIANA SEGURIDAD Y CARCELARIO CARTAGO
837000111,ESTABLECIMIENTO PENITENCIARIO DE MEDIANA SEGURIDAD Y CARCELARIO INPEC DE IPIALES
838000055,ARMADA DE COLOMBIA - COMANDO GUARDACOSTAS DEL AMAZONAS
838000326,BATALLON DE APOYO DE SERVICIOS PARA EL COMBATE NO 26
838000330,MINISTERIO DEL TRABAJO DIRECCION TERRITORIAL DEL AMAZONAS
840000137,ESTABLECIMIENTO PENITENCIARIO DE MEDIANA SEGURIDAD Y CARCELARIO DE TUMACO
842000005,BATALLON DE APOYO Y SERVICIOS PARA EL COMBATE N¬∞ 28
842000015,DEPARTAMENTO DE POLICIA VICHADA
842000080,GRUPO AEREO DEL ORIENTE
842000142,INSTITUTO DE DEPORTE Y RECREACION DEL VICHADA
842000181,MINISTERIO DE TRABAJO VICHADA
843000047,DEPARTAMENTO DE POLICIA GUAINIA - DEGUN
844000016,POLICIANACIONAL - DEPARTAMENTO DE POLICIACASANARE
844000067,CENTRAL ADMINISTRATIVA Y CONTABLE REGIONAL YOPAL
844000697,ESTABLECIMIENTO PENITENCIARIO DE MEDIANA SEGURIDAD Y CARCELARIO DE PAZ DE ARIPORO
844000729,ESTABLECIMIENTO PENITENCIARIO DE MEDIANA SEGURIDAD Y CARCELARIO DE YOPAL - INPEC
844000963,INSTITUTO PARA EL DEPORTE Y LA RECREACION DE AGUAZUL
844003345,"INSTITUTO PARA LA RECREACIN, EL DEPORTE, LA EDUCACIN EXTRAESCOLAR Y EL APROVECHAMIENTO DEL TIEMPO LIBRE EN EL DEPARTAMENTO DE CASANARE"
844003466,MINISTERIO DE TRABAJO-DIRECCION TERRITORIAL DE CASANARE
846000064,BATALLON DE APOYO Y SERVICIOS PARA EL COMBATE NO 27
846000114,ESTABLECIMIENTO PENITENCIARIO DE MEDIANA SEGURIDAD Y CARCELARIO DE MOCOA
846000696,"INSTITUTO DE CULTURA, DEPORTES, LA EDUCACIN FçSICA Y RECREACIN DEL DEPARTAMENTO DEL PUTUMAYO ¬INDERCULTURA PUTUMAYO"
846003227,MINISTERIO DEL TRABAJO DIRECCION TERRITORIAL DEL PUTUMAYO
860002400,LA PREVISORA S.A. COMPAëçA DE SEGUROS
860005216,BANCO DE LA REPUBLICA
860007887,ARTESANIAS DE COLOMBIA S.A
860015971,INSTITUTO NACIONAL PARA CIEGOS
860016627,INSTITUTO NACIONAL PARA SORDOS
860016951,CLUB MILITAR
860020094,E.S.E HOSPITAL NUESTRA SENORA DEL CARMEN DEL COLEGIO
860020227,FONDO ROTATORIO DE LA POLICIA
860024301,INSTITUTO COLOMBIANO PARA LA EVALUACIN DE LA EDUCACIN - ICFES
860024766,EMPRESA SOCIAL DEL ESTADO HOSPITAL SAN MARTIN DE PORRES DE CHOCONTA
860030197,JARDçN BOTÅNICO JOSE CELESTINO MUTIS
860037234,EMPRESA INDUSTRIAL Y COMERCIAL LOTERIA DE CUNDINAMARCA
860041163,FONDO DE PRESTACIONES ECONOMICAS CESANTIAS Y PENSIONES
860041247,INSTITUTO DE CASAS FISCALES DE EJERCITO
860044113,FUNDACION GILBERTO ALZATE AVENDANO
860052155,TERMINAL DE TRANSPORTE S.A
860061099,INSTITUTO DISTRITAL DE RECREACIN Y DEPORTE
860062187,SUPERINTENDENCIA NACIONAL DE SALUD
860503600,SUPERINTENDENCIA DEL SUBSIDIO FAMILIAR
860506170,INSTITUTO DISTRITAL DE PATRIMONIO CULTURAL
860527046,PERSONERIA MUNICIPAL DE SAN ANTONIO DEL TEQUENDAMA
860532537,COLEGIO JORGE SOTO DEL CORRAL IED
890000447,CORPORACION AUTONOMA REGIONAL DEL QUINDIO
890000594,INSTITUCION EDUCATIVA SANTA TERESA DE JESUS
890000864,PERSONERIA MUNICIPAL DE GENOVA
890001061,ALCALDIA MUNICIPIO DE C√RDOBA - QUINDIO
890001339,ALCALDIA DE FILANDIA
890001780,ESTABLECIMIENTO PENITENCIARIO DE MEDIANA SEGURIDAD Y CARCELARIO DE CALARCA
890102201,INPEC ESTABLECIMIENTO CARCELARIO BARRANQUILLA - JYP
890201222,MUNICIPIO DE BUCARAMANGA
890201235,GOBERNACIN DE SANTANDER
890201573,CORPORACION AUTONOMA REGIONAL PARA LA DEFENSA DE LA MESETA DE BUCARAMANGA
890201705,CONTRALORIA GENERAL DE SANTANDER
890201900,ALCALDIA DISTRITAL BARRANCABERMEJA
890204109,DIRECCION DE TRANSITO DE BUCARAMANGA
890204138,MUNICIPIO DE ZAPATOCA
890204537,MUNICIPIO DE LOS SANTOS
890204594,Instituto Municipal de Cultura y Turismo de Bucaramanga
890204802,ALCALDIA MUNICIPIO DE GIRON SANTANDER
890204851,CAJA DE PREVISION SOCIAL MUNICIPAL DE BUCARAMANGA
890205176,ALCALDIA DE FLORIDABLANCA
890205383,MUNICIPIO DE PIEDECUESTA
890205565,INSTITUTO FINANCIERO PARA EL DESARROLLO DE SANTANDER 1
890205581,MUNICIPIO DE TONA
890205677,ALCALDIA MUNICIPIO DE VELEZ
890206033,ALCALDIA MUNICIPAL DE BARBOSA SANTANDER
890207790,MUNICIPIO DE GUEPSA
890209299,ALCALDIA MUNICIPAL DE PUENTE NACIONAL
890210438,MUNICIPIO DE HATO
890210948,ALCALDIA MUNICIPIO DE OIBA
890270833,EMPRESA DE DESARROLLO URBANO Y VIVIENDA DE INTERES SOCIAL DE BARRANCABERMEJA
890270948,INSPECCION DE TRANSITO Y TRANSPORTE DE BARRANCABERMEJA
890325989,INSTITUTO DEPARTAMENTAL DE BELLAS ARTES
890399011,MUNICIPIO DE SANTIAGO DE CALI - DEPARTAMENTO ADMINISTRATIVO DE CONTRATACION PUBLICA
890399039,BIBLIOTECA DEPARTAMENTAL JORGE GARCES BORRERO
890480059,GOBERNACIN DE BOLçVAR
890480184,DEPARTAMENTO ADMINISTRATIVO DE TRÅNSITO Y TRANSPORTE DATT
890480218,ESTABLECIMIENTO PENITENCIARIO DE MEDIANA SEGURIDAD Y CARCELARIO DE CARTAGENA
890501404,ALCALDIA MUNICIPAL DE GRAMALOTE
890501434,MUNICIPIO DE SAN JOSE DE CUCUTA
890505988,ESTABLECIMIENTO PENITENCIARIO Y CARCELARIO DE PAMPLONA - INPEC
890680008,ALCALDIA MUNICIPAL FUSAGASUGA
890680065,INSTITUCION EDUCATIVA DEPARTAMENTAL FRANCISCO JOSE DE CALDAS
890680159,INSTITUCION EDUCATIVA DEPARTAMENTAL EL TRIUNFO
890680338,I.D.E.R.F.
890680378,ALCALDIA MUNICIPAL DE GIRARDOT
890700666,HOSPITAL SAN JUAN DE DIOS DE HONDA ESE
890700755,"INSTITUTO DE FINANCIAMIENTO, PROMOCION Y DESARROLLO DE IBAGUâ"
890701077,MUNICIPIO DE PURIFICACION
890701342,MUNICIPIO DE MARIQUITA
890702021,ALCALDIA DE CASABIANCA
890704536,CORPORACION AUTONOMA REGIONAL DEL TOLIMA
890704763,FABRICA DE LICORES DEL TOLIMA
890706833,HOSPITAL FEDERICO LLERAS ACOSTA DE IBAGUE TOLIMA - EMPRESA SOCIAL DEL ESTADO
890706867,CONTRALORIA MUNICIPAL DE IBAGUE
890801026,HOSPITAL DEPARTAMENTAL FELIPE SUAREZ E.S.E
890801052,GOBERNACIN DE CALDAS
890801135,ALCALDIA DE NEIRA
890801142,ALCALDIA MUNICIPIO DE ARANZAZU
890801151,PERSONERIA DE VICTORIA CALDAS
890801699,EMPRESA SOCIAL DEL ESTADO HOSPITAL SAN ANTONIO DE MANZANARES
890801719,ESE HOSPITAL LOCAL SAN JUAN DE DIOS
890802641,INSTITUCION EDUCATIVA OFICIAL DE OCCIDENTE
890802678,INSTITUCION DE EDUCACI√N SUPERIOR COLEGIO INTEGRADO NACIONAL ORIENTE DE CALDAS
890803005,CORPORACION AUTONOMA REGIONAL DE CALDAS CORPOCALDAS
890804669,INSTITUCION EDUCATIVA AURELIANO FLOREZ CARDONA
890900286,DEPARTAMENTO DE ANTIOQUIA
890905211,MUNICIPIO DE MEDELLIN
890906347,ESE HOSPITAL MANUEL URIBE ANGEL
890907106,MUNICIPIO DE ENVIGADO 2020
890907317,MUNICIPIO DE RIONEGRO
890980093,MUNICIPIO DE ITAGUI
890980112,ALCALDIA MUNICIPIO DE BELLO
890980447,MUNICIPIO DE CALDAS ANTIOQUIA
890980767,ALCALDIA MUNICIPAL DE COPACABANA
890980840,ESE HOSPITAL SAN JUAN DE DIOS DE ITUANGO
890980848,MUNICIPIO DE FREDONIA
890980950,MUNICIPIO DE MUTATA
890981719,EMPRESA SOCIAL DEL ESTADO HOSPITAL NUESTRA SEëORA DE LA CANDELARIA
890983716,MUNICIPIO DE MARINILLA
890984634,ALCALDIA MUNICIPAL DE COCORN√Å
890985016,JUNTA MUNICIPAL DE DEPORTES Y RECREACION COPACABANA ANTIOQUIA
890985138,CORPORACION AUTONOMA REGIONAL DE LAS CUENCAS DE LOS RIOS NEGRO - NARE
890985660,E.S.E. HOSPITAL OSCAR EMIRO VERGARA CRUZ
890999057,SUPERINTENDENCIA FINANCIERA DE COLOMBIA
891180009,MUNICIPIO DE NEIVA
891180022,ALCALDIA MUNICIPIO DE GARZON
891180026,E.S.E. HOSPITAL DEPARTAMENTAL SAN VICENTE DE PAUL
891180077,MUNICIPIO DE PITALITO
891180140,INSTITUCION EDUCATIVA EUGENIO FERRO FALLA
891180177,MUNICIPIO DE GUADALUPE
891180253,INSTITUCION EDUCATIVA LA GAITANA DE TIMANA HUILA
891180268,E.S.E. HOSPITAL UNIVERSITARIO HERNANDO MONCALEANO PERDOMO DE NEIVA
891222322,CORPORACION AUTONOMA REGIONAL DE NARIëO
891280000,ALCALDIA DE PASTO
891301360,ESTABLECIMIENTO PENITENCIARIO DE MEDIANA SEGURIDAD Y CARCELARIO DE BUGA
891380007,ALCALDIA MUNICIPIO DE PALMIRA
891380046,HOSPITAL SAN ROQUE E.S.E DE GUACARI
891410354,CORPORACION AUTONOMA REGIONAL DE RISARALDA
891410902,AREA METROPOLITANA CENTRO OCCIDENTE
891500269,ALCALDIA MUNICIPIO DE SANTANDER DE QUILICHAO
891500841,MUNICIPIO DE MIRANDA
891500887,MUNICIPIO DE TORIBIO
891501283,MUNICIPIO DE CORINTO
891580002,HOSPITAL UNIVERSITARIO SAN JOSE DE POPAYAN E.S.E.
891800462,INSTITUTO DE FOMENTO Y DESARROLLO DE BOYACA
891800467,INSTITUCION EDUCATIVA TECNICA JOSE IGNACIO DE MARQUEZ
891800498,GOBERNACIN DE BOYACÅ
891800896,MUNICIPIO DE GUAYATA
891800986,MUNICIPO DE VENTAQUEMADA
891801129,MUNICIPIO DE MACANAL
891801240,MUNICIPIO DE PAIPA
891801347,MUNICIPIO DE VIRACACHA
891801357,ALCALDIA MUNICIPAL DE CHINAVITA
891801362,MUNICIPIO DE OTANCHE
891801368,MUNICIPIO DE PAUNA
891801787,MUNICIPIO DE TURMEQUE
891801994,MUNICIPIO DE MOTAVITA
891802106,MUNICIPIO DE ZETAQUIRA
891855016,MUNICIPIO DE SOATA
891855017,MUNICIPIO DE YOPAL
891855200,ALCALDIA DEL MUNICIPIO DE AGUAZUL
891855222,ALCALDIA MUNICIPAL DE NOBSA
891855748,MUNICIPIO DE CORRALES
891856077,ALCALDIA MUNICIPAL DE IZA
891856131,MUNICIPIO DE TASCO
891856257,MUNICIPIO DE LA UVITA
891856294,MUNICIPIO DE BOAVITA
891856555,MUNICIPIO DE MONGUI
891856625,MUNICIPIO DE TOPAGA
891857920,MUNICIPIO DE COVARACHIA
891901109,MUNICIPIO DE LA UNION
892000812,MUNICIPIO DE CUBARRAL META
892099216,DEPARTAMENTO DEL CASANARE
892099305,Municipio de Puerto Carre±o Vichada
892099494,ALCALDIA MUNICIPAL DE ARAUQUITA
892120020,LA GUAJIRA - ALCALDIA MUNICIPIO DE MAICAO
892300123,MUNICIPIO DE RIO DE ORO
892300548,EMPRESA DE SERVICIOS PUBLICOS DE VALLEDUPAR S.A.
892301722,ESTABLECIMIENTO PENITENCIARIO DE MEDIANA SEGURIDAD Y CARCELARIO DE VALLEDUPAR -ERE-
892399999,GOBERNACION DEL DEPARTAMENTO DEL CESAR
892400116,INSTITUCION EDUCATIVA DE LA SAGRADA FAMILIA
892400461,INSTITUTO NACIONAL DE FORMACION TECNICA PROFESIONAL DE SAN ANDRES Y PROVIDENCIA ISLAS
899999001,MINISTERIO DE EDUCACION NACIONAL (MEN)
899999003,MINISTERIO DE DEFENSA NACIONAL
899999004,INSTITUTO GEOGRAFICO AGUSTIN CODAZZI
899999007,SUPERINTENDENCIA DE NOTARIADO Y REGISTRO
899999011,DEPARTAMENTO NACIONAL DE PLANEACION
899999020,DEPARTAMENTO ADMINISTRATIVO DE LA FUNCION PUBLICA
899999022,MINISTERIO DE MINAS Y ENERGIA
899999027,DEPARTAMENTO ADMINISTRATIVO NACIONAL DE ESTADISTICA (DANE)
899999028,MINISTERIO DE AGRICULTURA Y DESARROLLO RURAL
899999034,SERVICIO NACIONAL DE APRENDIZAJE SENA
899999035,INSTITUTO COLOMBIANO DE CREDITO EDUCATIVO Y ESTUDIO TECNICOS EN EL EXTERIOR MARIANO OSPINA PEREZ.
899999042,MINISTERIO DE RELACIONES EXTERIORES
899999048,INSTITUTO DE PLANIFICACIN Y PROMOCIN DE SOLUCIONES ENERGETICAS PARA LAS ZONAS NO INTERCONECTADAS IPSE
899999053,MINISTERIO DE TECNOLOGçAS DE LA INFORMACION Y LAS COMUNICACIONES DE COLOMBIA.
899999054,ESAP SEDE CENTRAL (Cuenta Oficial)
899999055,MINISTERIO DE TRANSPORTE
899999059,UNIDAD ADMINISTRATIVA ESPECIAL DE AERONÅUTICA CIVIL AEROCIVIL
899999061,BOGOTA DISTRITO CAPITAL
899999067,CONTRALORIA GENERAL DE LA REPUBLICA
899999072,BENEFICENCIA DE CUNDINAMARCA
899999073,CAJA DE SUELDOS DE RETIRO DE LA POLICIA NACIONAL
899999074,CAJA DE LA VIVIENDA POPULAR
899999081,INSTITUTO DE DESARROLLO URBANO
899999083,DEPARTAMENTO ADMINISTRATIVO DE LA PRESIDENCIA DE LA REPUBLICA
899999086,SUPERINTENDENCIA DE SOCIEDADES
899999090,MINISTERIO DE HACIENDA Y CREDITO PUBLICO
899999092,INSTITUTO NACIONAL DE CANCEROLOGIA ESE
899999096,INSTITUTO CARO Y CUERVO
899999102,FUERZA AREA COLOMBIANA
899999114,DEPARTAMENTO DE CUNDINAMARCA
899999117,CONTRALORIA DE CUNDINAMARCA
899999118,CAJA DE RETIRO DE LAS FUERZAS MILITARES
899999162,AGENCIA LOGISTICA DE LAS FUERZAS MILITARES
899999172,ALCALDIA MUNICIPAL DE CHIA
899999173,PERSONERIA MUNICIPAL DE SAN  FRANCISCO CUNDINAMARCA
899999239,INSTITUTO COLOMBIANO DE BIENESTAR FAMILIAR
899999270,LOTERIA DE BOGOTA
899999278,CORPORACION DE LA INDUSTRIA AERONÅUTICA COLOMBIANA S.A.
899999281,MUNICIPIO DE UBATE
899999282,ORQUESTA FILARMONICA DE BOGOTA
899999294,SERVICIO GEOLOGICO COLOMBIANO
899999296,"MINISTERIO DE CIENCIA, TECNOLOGIA E INNOVACION"
899999306,MINISTERIO DEL DEPORTE
899999312,ALCALDIA MUNICIPAL DE VILLETA
899999316,Empresa Nacional Promotora del Desarrollo Territorial - ENTerritorio
899999327,UAE FONDO NACIONAL DE ESTUPEFACIENTES
899999333,INSTITUTO DISTRITAL PARA LA PROTECCIN DE LA NIëEZ Y LA JUVENTUD - IDIPRON
899999367,ALCALDIA MUNICIPIO CARMEN DE CARUPA
899999385,ALCALDIA MUNICIPAL DE UBALA
899999403,INSTITUTO NACIONAL DE SALUD
899999415,ALCALDIA DE SESQUILE
899999421,CORPORACION SOCIAL DE CUNDINAMARCA
899999422,ALCALDIA MUNICIPAL SAN JUAN DE RIOSECO
899999446,INSTITUTO PARA LA ECONOMIA SOCIAL- IPES
899999465,ALCALDIA MUNICIPIO DE CAJICA
899999466,PERSONERIA MUNICIPAL DE COGUA
899999700,ALCALDIA MUNICIPAL DE SUSA
899999716,ASAMBLEA DEPARTAMENTAL DE CUNDINAMARCA
899999724,INSTITUCION EDUCATIVA DEPARTAMETAL GENERAL SANTANDER
900002583,RADIO TELEVISION NACIONAL DE COLOMBIA.
900003814,ESTABLECIMIENTO PENITENCIARIO DE MEDIANA SEGURIDAD CARCELARIA DE BOLIVAR CAUCA
900005502,PARQUES NACIONALES NATURALES DE COLOMBIA - DIRECCION  TERRITORIAL AMAZONIA
900014719,INSTITUCION EDUCATIVA DEPARTAMENTAL CAMPO ALEGRE
900018057,INSTITUCION EDUCATIVA RURAL DEPARTAMENTAL INTEGRADA VALLE DE TENJO
900025525,INSTITUCION EDUCATIVA TECNICA ALVARO MOLINA
900034993,COMISION DE REGULACION DE ENERGIA Y GAS
900036553,EMPRESA SOCIAL DEL ESTADO HOSPITAL SAN ANTONIO DEL TEQUENDAMA
900039527,DIRECCION ADMINISTRATIVA DE INTELIGENCIA NAVAL
900039533,DEPARTAMENTO ADMINISTRATIVO PARA LA PROSPERIDAD SOCIAL
900044364,INSTITUCION EDUCATIVA LA CONCORDIA
900059309,CENTRAL ADMINISTRATIVA Y CONTABLE - CENAC- VALLEDUPAR
900077520,ESE HOSPITAL LOCAL SAN CARLOS DE GUAROA
900094866,FONDO DE VIVIENDA DE INTERâS SOCIAL DEL DEPARTAMENTO DEL HUILA
900115931,EMPRESA PUBLICA DE ALCANTARILLADO DE SANTANDER S.A E.S.P.
900126860,UNIDAD ADMINISTRATIVA ESPECIAL DE SERVICIOS PUBLICOS
900127032,UNIDAD ADMINISTRATIVA ESPECIAL DE REHABILITACIN Y MANTENIMIENTO VIAL
900127054,INSTITUTO DISTRITAL DE LA PARTICIPACIN Y ACCIN COMUNAL
900127169,ESTABLECIMIENTO PENITENCIARIO Y CARCELARIO DE TIERRALTA
900127768,UNIDAD ADMINISTRATIVA ESPECIAL DE CATASTRO DISTRITAL
900132308,INSTITUTO MUNICIPAL DE VIVIENDA DE INTERâS SOCIAL CAJICA
900140515,INSTITUTO DISTRITAL DE TURISMO
900149064,POLICIA METROPOLITANA DE CARTAGENA DE INDIAS
900149883,EMPRESA DE SERVICIOS PUBLICOS DE TENJO SA ESP
900156335,CENTRAL ADMINISTRATIVA  Y CONTABLE - CENAC- POPAYAN
900168448,ESTABLECIMIENTO PENITENCIARIO DE MEDIANA SEGURIDAD Y CARCELARIO DE ISTMINA
900169143,EL INSTITUTO DE CULTURA EL CARMEN DE VIBORAL
900180739,UNIDAD ADMINISTRATIVA ESPECIAL JUNTA CENTRAL DE CONTADORES
900192793,DIRECCION DE CARABINEROS Y SEGURIDAD RURAL
900222346,EMPRESAS PUBLICAS DE CUNDINAMARCA S.A. ESP
900233117,POLICIA METROPOLITANA DE BUCARAMANGA
900240084,ASOCIACION AEROPUERTO DEL CAFE
900246895,COMISION PROFESIONAL COLOMBIANA DE DISEëO INDUSTRIAL
900258711,INSTITUTO DE INFRAESTRUCTURA Y CONCESIONES DE CUNDINAMARCA
900259415,POLICIA METROPOLITANA DE CUCUTA
900263078,POLICIA METROPOLITANA DE BARRANQUILLA
900268092,GRUPO AEREO DEL CASANARE
900270088,EMPRESA DE SERVICIOS PUBLICOS DE TARSO S.A. E.S.P.
900291840,INSTITUCION EDUCATIVA DEPARTAMENTAL SAN PEDRO
900294884,INSTITUTO DEPARTAMENTAL PARA LA RECREACION Y EL DEPORTE DE CUNDINAMARCA
900294905,INSTITUTO DEPARTAMENTAL DE CULTURA Y TURISMO DE CUNDINAMARCA
900332546,CENTRAL ADMINISTRATIVA Y CONTABLE TELEMATICA
900334265,AGENCIA NACIONAL DEL ESPECTRO
900336524,REGIONAL DE ASEGURAMIENTO EN SALUD No. 1
900339410,REGIONAL DE ASEGURAMIENTO EN SALUD No 3
900348192,"INSTITUTO DE CULTURA , TURISMO Y RECREACION DE DEPORTE DEL MUNICIPIO DE APULO-CUNDINAMARCA"
900356765,CARCEL Y PENITENCIARIA DE MEDIA SEGURIDAD DE PUERTO TRIUNFO
900358638,EMPRESA DE SERVICIOS PUBLICOS DE SAN FRANCISCO SAS E.S.P
900360623,POLICIA METROPOLITANA DE PEREIRA
900363756,CENTRAL ADMINISTRATIVA Y CONTABLE - CENAC - PASTO
900364348,BATALLON DE APOYO Y SOPORTE PARA EL COMBATE No 22
900373379,DIRECCION NACIONAL DE ESCUELAS
900373913,UNIDAD ADMINISTRATIVA ESPECIAL DE GESTIN PENSIONAL Y CONTRIBUCIONES PARAFISCALES DE LA PROTECCIN SOCIAL UGPP
900382496,PARQUES NACIONALES NATURALES DE COLOMBIA - DIRECCION TERRITORIAL ORINOQUIA
900384997,DIRECCION EJECUTIVA DE LA JUSTICIA PENAL MILITAR
900385079,CENTRAL ADMINISTRATIVA Y CONTABLE CENAC PERSONAL
900388272,ESTABLECIMIENTO PENITENCIARIO LA ESPERANZA DEL MUNICIPIO DE GUADUAS
900395462,AGUAS Y ASEO DEL MACIZO SAS ESP
900403616,EMPRESA FERREA REGIONAL SAS
900406856,INSTITUTO MUNICIPAL PARA EL DEPORTE Y LA RECREACION DE IBAGUE
900407224,REGIONAL DE ASEGURAMIENTO EN SALUD NO.7 POLICIANACIONAL
900409652,CORPORACION MUSEO HISTORICO DE CARTAGENA DE INDIAS
900413030,INSTITUTO DISTRITAL DE LAS ARTES
900416823,ESTABLECIMIENTO PENITENCIARIO LAS HELICONIAS
900419719,REGIONAL DE ASEGURAMIENTO EN SALUD NO. 2
900450205,FONDO ADAPTACIN
900457461,MINISTERIO DE JUSTICIA Y DEL DERECHO
900457470,COMANDO GENERAL - DIRECCION NACIONAL DE GAULA MILITARES
900463725,MINISTERIO DE VIVIENDA. CIUDAD Y TERRITORIO
900465019,GRUPO AEREO DEL AMAZONAS
900467239,AUTORIDAD NACIONAL DE LICENCIAS AMBIENTALES - ANLA
900474727,MINISTERIO DE SALUD Y PROTECCIN SOCIAL
900475460,DIRECCION NACIONAL DE INTELIGENCIA
900475780,UNIDAD NACIONAL DE PROTECCIN
900477169,AGENCIA PARA LA REINCORPORACION Y LA NORMALIZACIN
900477235,UNIDAD ADMINISTRATIVA ESPECIAL MIGRACION COLOMBIA
900477448,EMPRESA DE SERVICIOS PUBLICOS DOMICILIARIOS DE VALPARAISO S.A.S ESP
900478966,UNIDAD NACIONAL PARA LA GESTIN DEL RIESGO DE DESASTRES
900479658,"UNIDAD DE PLANIFICACIN DE TIERRAS RURALES, ADECUACIN DE TIERRAS Y USOS AGROPECUARIOS"
900479669,AUTORIDAD NACIONAL DE ACUICULTURA Y PESCA
900484852,AGENCIA PRESIDENCIAL DE COOPERACION INTERNACIONAL DE COLOMBIA
900486439,POLICIA METROPOLITANA DE IBAGUE
900486513,POLICIA METROPOLITANA DE VILLAVICENCIO
900490473,UARIV-UNIDAD PARA LA ATENCION Y REPARACION INTEGRAL A LAS VICTIMAS
900492141,CENTRO DE MEMORIA HISTORICA
900494393,INSTITUTO NACIONAL DE METROLOGIA
900498879,UNIDAD ADMINISTRATIVA ESPECIAL DE GESTION DE RESTITUCION DE TIERRAS DESPOJADAS
900500018,AGENCIA NACIONAL DE MINERIA
900505060,EMPRESA INDUSTRIAL Y COMERCIAL DEL ESTADO ADMINISTRADORA DEL MONOPOLIO RENTISTICO DE LOS JUEGOS DE SUERTE Y AZAR
900510745,PERSONERIA MUNICIPAL DE PUERTO CAICEDO PUTUMAYO
900514813,AGENCIA NACIONAL DE CONTRATACIN PöBLICA -COLOMBIA COMPRA EFICIENTE-
900517646,AUTORIDAD NACIONAL DE TELEVISION EN LIQUIDACION
900523392,UNIDAD DE SERVICIOS PENITENCIARIOS Y CARCELARIOS - USPEC
900528648,"UNIDAD ADMINISTRATIVA ESPECIAL AGENCIA DEL INSPECTOR GENERAL DE TRIBUTOS, RENTAS Y CONTRIBUCIONES PARAFISCALES-ITRC"
900552743,POLICIA METROPOLITANA DE SANTA MARTA
900574083,INSTITUTO DE EVALUACION TECNOLOGICA EN SALUD
900577112,COMPLEJO PENITENCIARIO Y CARCELARIO METROPOLITANO DE CUCUTA
900577346,COMPLEJO CARCELARIO Y PENITENCIARIO DE JAMUNDI
900580845,TERMINAL DE TRANSPORTES DE AGUAZUL EL GARCERO DEL LLANO
900593683,POLICIA METROPOLITANA DE POPAYAN
900594384,UNIDAD ADMINISTRATIVA ESPECIAL DE PENSIONES DE CUNDINAMARCA
900602106,AGENCIA DE EDUCACIN POSTSECUNDARIA DE MEDELLçN - SAPIENCIA
900634185,POLICIA METROPOLITANA DE NEIVA
900639630,UNIDAD ADMINISTRATIVA ESPECIAL DIRECCION NACIONAL DE BOMBEROS
900657800,UNIDAD ADMINISTRATIVA ESPECIAL UNIDAD DE PROYECCION NORMATIVA Y ESTUDIOS DE REGULACION FINANCIERA
900673958,INSTITUTO DE CULTURA Y TURISMO DE BOLIVAR
900678508,UNIDAD ADMINISTRATIVA ESPECIAL DEL SERVICIO PUBLICO DE EMPLEO
900759667,"EMPRESA DE ACUEDUCTO, ALCANTARILLADO Y ASEO DEL MUNICIPIO DE LA JAGUA DE IBIRICO - CESAR S.A E.S.P¬îAAA DE LA JAGUA DE IBIRICO"
900788066,REGION ADMINISTRATIVA Y DE PLANEACION ESPECIAL - RAPE REGION CENTRAL
900800975,POLICIA METROPOLITANA DE SAN JERONIMO DE MONTERIA
900805219,POLICIA METROPOLITANA DE MANIZALES
900807338,POLICIAMETROPOLITANA DE SAN JUAN DE PASTO
900809150,"INSTITUTO DE CULTURA, RECREACION Y DEPORTE DE PITALITO"
900857221,MUSEO CASA DE LA MEMORIA
900874999,RESGUARDO INDIGENA KANKUAMO
900894833,DIRECCION CENTRO DE REHABILITACIN INCLUSIVA
900948953,AGENCIA NACIONAL DE TIERRAS
900948958,AGENCIA DE DESARROLLO RURAL
900959048,SUBRED INTEGRADA DE SERVICIOS DE SALUD SUR OCCIDENTE ESE.
900959051,SUBRED INTEGRADA DE SERVICIOS DE SALUD CENTRO ORIENTE E.S.E
900971006,SUBRED INTEGRADA DE SERVICIOS DE SALUD NORTE E.S.E.
900973540,CENTRAL ADMINISTRATIVA Y CONTABLE ESPECIALIZADA CENAC CONVENIOS
901006886,AGENCIA DE RENOVACION DEL TERRITORIO
901036590,ENTIDAD DE GESTION ADMINISTRATIVA Y TECNICA
901037393,DIRECCION TERRITORIAL ANDES OCCIDENTALES DE PARQUES NACIONALES NATURALES DE COLOMBIA
901037916,ADMINISTRADORA DE LOS RECURSOS DEL SISTEMA GENERAL DE SEGURIDAD SOCIAL EN SALUD
901038962,METRO DE BOGOTA SA
901052783,CONTRALORIA MUNICIPAL DE SINCELEJO
901065380,EMPRESA DE DESARROLLO URBANO DE PEREIRA - EDUP
901074333,MINISTERIO DEL TRABAJO - DIRECCION TERRITORIAL DE CUNDINAMARCA
901097324,INSTITUTO DISTRITAL DE PROTECCION Y BIENESTAR ANIMAL
901100944,CONTRALORIA MUNICIPAL DE GIRON
901127870,REGION ADMINISTRATIVA DE PLANIFICACION RAP PACIFICO
901128252,Empresa Distrital de Desarrollo y Renovaci≥n Urbano Sostenible de Santa Marta- EDUS
901131788,INSTITUTO DISTRITAL DE TURISMO DE SANTA MARTA
901132407,INSTITUTO DISTRITAL DE SANTA MARTA PARA LA RECREACIN Y EL DEPORTE
901140004,JURISDICCION ESPECIAL DE PAZ
901144049,CORPORACION AGENCIA NACIONAL DE GOBIERNO DIGITAL
901148337,FONDO ESPECIAL PARA LA ADMINISTRACIN DE BIENES DE LA FISCALIAçA GENERAL DE LA NACIN
901158482,UNIDAD PARA LA BUSQUEDA DE PERSONAS DADAS POR DESAPARECIDAS EN EL CONTEXTO Y EN RAZN DEL CONFLICTO ARMADO
901179431,"COMISIN PARA EL ESCLARECIMIENTO DE LA VERDAD, LA CONVIVENCIA Y LA NO REPETICIN"
901184118,CONCEJO MUNICIPAL DE FUSAGASUGA
901364194,"INSTITUTO MUNICIPAL DE CULTURA, RECREACIN Y DEPORTE DE ITAGUI"
901440188,DIRECCION DE SANIDAD DE EJERCITO-DISPENSARIO MEDICO FLORENCIA
1101340141,PERSONERIA MUNICIPAL DE VETAS
8000095907,INSTITUCION EDUCATIVA DEPARTAMENTAL JOSE HUGO ENCISO
8001136727,GOBIERNO DEPARTAMENTAL DEL TOLIMA
8001306324,APOYO LOGISTICO COMANDO EJERCITO
8001313625,BATALLON DE INFANTERIA DE SELVA No 49
8001659455,Rama Judicial - Direcci≥n Seccional de Administraci≥n Judicial de Ibagu©
8002469532,FONDO FINANCIERO DISTRITAL DE SALUD..
8002512646,PERSONERIA MUNICIPAL DE NEIVA
8002527222,GUAVIARE SANIDAD
8070006594,DIRECCION TERRITORIAL DE NARIëO
8110248033,Fundacion Empresas Publicas de Medell≠n
8130101025,INSTITUCION EDUCATIVA COSANZA
8160008307,INSTITUCION  EDUCATIVA NUESTRA SE√ëORA DE GUADALUPE
8170003238,RESGUARDO INDIGENA PAEZ DE CORINTO
8200009822,CARCEL Y PENITENCIARIA CON ALTA Y MEDIANA SEGURIDAD EL BARNE ¬ñ CPAMSEB
8220012289,RAMA JUDICIAL - DIRECCION SECCIONAL DE ADMINISTRACIN JUDICIAL DE VILLAVICENCIO
8300396700,DIRECCION GENERAL DE SANIDAD EJERCITO DISPENSARIO MEDICO 1015 BARRANQUILLA
8300396705,DIRECCION GENERAL DE SANIDAD MILITAR
8301259969,AGENCIA NACIONAL DE INFRAESTRUCTURA - ANI
8380000752,ESTABLECIMIENTO PENITENCIARIO DE MEDIANA SEGURIDAD Y CARCELARIO DE LETICIA
8390003600,MUNICIPIO DE ALBANIA LA GUAJIRA
8605110716,FONDO ROTATORIO DEL MINISTERIO DE RELACIONES EXTERIORES
8901030374,CONTRALORIA DEPARTAMENTAL DEL ATLANTICO
8906800622,UNIVERSIDAD DE CUNDINAMARCA
8908060063,"INSTITUTO DE FINANCIAMIENTO, PROMOCION Y DESARROLLO DE CALDAS"
8909801501,BIBLIOTECA PUBLICA PILOTO DE MEDELLIN PARA AMERICA LATINA
8918008603,MUNICIPIO DE TIBANA
8918557697,ALCALDIA MUNICIPIO DE CUITIVA
8999990611,SECRETARIA DISTRITAL DE INTEGRACI”N SOCIAL
8999990615,ALCALDIA LOCAL DE BOSA
8999990619,SECRETARIA DE HACIENDA DISTRITAL
8999991142,SECRETARIA DE TECNOLOG√çAS DE LA INFORMACION Y LAS COMUNICACIONES - DEPARTAMENTO DE CUNDINAMARCA
8999997171,DEFENSA CIVIL COLOMBIANA
9002592122,DIRECCION DE PROTECCION Y SERVICIOS ESPECIALES
9004839910,AGENCIA NACIONAL INMOBILIARIA VIRGILIO BARCO VARGAS
9005077411,UNIDAD ADMINISTRATIVA ESPECIAL AGENCIA NACIONAL DE DEFENSA JURçDICA DEL ESTADO
9008012094,POLICIAMETROPOLITANA DE TUNJA
9008529985,AGENCIA NACIONAL DE SEGURIDAD VIAL
9009585649,SUBRED INTEGRADA DE SERVICIOS DE SALUD SUR E.S.E
9011548528,SOCIEDAD PUBLICA TERMINAL REGIONAL DE TRANSPORTE TERRESTRE DE TUNJA S.A.S
9013620904,UNIDAD PRESTADORA DE SALUD ATLANTICO
